<?xml version="1.0" encoding="UTF-8"?><?xml-stylesheet type='text/xsl' href='_UpgradeReport_Files/UpgradeReport.xslt'?><UpgradeLog>
<Properties><Property Name="Solution" Value="demo">
</Property><Property Name="解决方案文件" Value="E:\项目资料\正在做\企信通\企信通Sdk文档\分享企讯通SDK\分享企讯通SDK\开发示例\demo(c#2.0)\demo.sln">
</Property><Property Name="用户选项文件" Value="E:\项目资料\正在做\企信通\企信通Sdk文档\分享企讯通SDK\分享企讯通SDK\开发示例\demo(c#2.0)\demo.suo">
</Property><Property Name="Date" Value="2013年11月19日">
</Property><Property Name="Time" Value="10:25">
</Property></Properties><Event ErrorLevel="0" Project="" Source="demo.sln" Description="文件已成功备份为 E:\项目资料\正在做\企信通\企信通Sdk文档\分享企讯通SDK\分享企讯通SDK\开发示例\demo(c#2.0)\Backup\demo.sln">
</Event><Event ErrorLevel="0" Project="" Source="demo.suo" Description="文件已成功备份为 E:\项目资料\正在做\企信通\企信通Sdk文档\分享企讯通SDK\分享企讯通SDK\开发示例\demo(c#2.0)\Backup\demo.suo">
</Event><Event ErrorLevel="0" Project="demo" Source="demo.csproj" Description="项目文件已成功备份为 E:\项目资料\正在做\企信通\企信通Sdk文档\分享企讯通SDK\分享企讯通SDK\开发示例\demo(c#2.0)\Backup\demo.csproj">
</Event><Event ErrorLevel="0" Project="demo" Source="demo.csproj.user" Description="项目用户文件成功备份为 E:\项目资料\正在做\企信通\企信通Sdk文档\分享企讯通SDK\分享企讯通SDK\开发示例\demo(c#2.0)\Backup\demo.csproj.user">
</Event><Event ErrorLevel="0" Project="demo" Source="Form1.cs" Description="文件已成功备份为 E:\项目资料\正在做\企信通\企信通Sdk文档\分享企讯通SDK\分享企讯通SDK\开发示例\demo(c#2.0)\Backup\Form1.cs">
</Event><Event ErrorLevel="0" Project="demo" Source="Form1.Designer.cs" Description="文件已成功备份为 E:\项目资料\正在做\企信通\企信通Sdk文档\分享企讯通SDK\分享企讯通SDK\开发示例\demo(c#2.0)\Backup\Form1.Designer.cs">
</Event><Event ErrorLevel="0" Project="demo" Source="Program.cs" Description="文件已成功备份为 E:\项目资料\正在做\企信通\企信通Sdk文档\分享企讯通SDK\分享企讯通SDK\开发示例\demo(c#2.0)\Backup\Program.cs">
</Event><Event ErrorLevel="0" Project="demo" Source="Properties\AssemblyInfo.cs" Description="文件已成功备份为 E:\项目资料\正在做\企信通\企信通Sdk文档\分享企讯通SDK\分享企讯通SDK\开发示例\demo(c#2.0)\Backup\Properties\AssemblyInfo.cs">
</Event><Event ErrorLevel="0" Project="demo" Source="Properties\Resources.Designer.cs" Description="文件已成功备份为 E:\项目资料\正在做\企信通\企信通Sdk文档\分享企讯通SDK\分享企讯通SDK\开发示例\demo(c#2.0)\Backup\Properties\Resources.Designer.cs">
</Event><Event ErrorLevel="0" Project="demo" Source="Properties\Settings.Designer.cs" Description="文件已成功备份为 E:\项目资料\正在做\企信通\企信通Sdk文档\分享企讯通SDK\分享企讯通SDK\开发示例\demo(c#2.0)\Backup\Properties\Settings.Designer.cs">
</Event><Event ErrorLevel="0" Project="demo" Source="Web References\ShareTech\Reference.cs" Description="文件已成功备份为 E:\项目资料\正在做\企信通\企信通Sdk文档\分享企讯通SDK\分享企讯通SDK\开发示例\demo(c#2.0)\Backup\Web References\ShareTech\Reference.cs">
</Event><Event ErrorLevel="0" Project="demo" Source="Properties\Settings.settings" Description="文件已成功备份为 E:\项目资料\正在做\企信通\企信通Sdk文档\分享企讯通SDK\分享企讯通SDK\开发示例\demo(c#2.0)\Backup\Properties\Settings.settings">
</Event><Event ErrorLevel="0" Project="demo" Source="app.config" Description="文件已成功备份为 E:\项目资料\正在做\企信通\企信通Sdk文档\分享企讯通SDK\分享企讯通SDK\开发示例\demo(c#2.0)\Backup\app.config">
</Event><Event ErrorLevel="0" Project="demo" Source="Web References\ShareTech\Reference.map" Description="文件已成功备份为 E:\项目资料\正在做\企信通\企信通Sdk文档\分享企讯通SDK\分享企讯通SDK\开发示例\demo(c#2.0)\Backup\Web References\ShareTech\Reference.map">
</Event><Event ErrorLevel="0" Project="demo" Source="Web References\ShareTech\Service.disco" Description="文件已成功备份为 E:\项目资料\正在做\企信通\企信通Sdk文档\分享企讯通SDK\分享企讯通SDK\开发示例\demo(c#2.0)\Backup\Web References\ShareTech\Service.disco">
</Event><Event ErrorLevel="0" Project="demo" Source="Web References\ShareTech\Service.wsdl" Description="文件已成功备份为 E:\项目资料\正在做\企信通\企信通Sdk文档\分享企讯通SDK\分享企讯通SDK\开发示例\demo(c#2.0)\Backup\Web References\ShareTech\Service.wsdl">
</Event><Event ErrorLevel="0" Project="demo" Source="Form1.resx" Description="文件已成功备份为 E:\项目资料\正在做\企信通\企信通Sdk文档\分享企讯通SDK\分享企讯通SDK\开发示例\demo(c#2.0)\Backup\Form1.resx">
</Event><Event ErrorLevel="0" Project="demo" Source="Properties\Resources.resx" Description="文件已成功备份为 E:\项目资料\正在做\企信通\企信通Sdk文档\分享企讯通SDK\分享企讯通SDK\开发示例\demo(c#2.0)\Backup\Properties\Resources.resx">
</Event><Event ErrorLevel="1" Project="demo" Source="demo.csproj" Description="您的项目以 .NET Framework 2.0 或 3.0 为目标。如果您的项目使用的程序集需要更新的 .NET Framework，则项目生成将失败。通过单击项目菜单上的“属性”，然后在“.NET Framework”下拉框中选择一个新版本，可以更改 .NET Framework 的版本。(在 Visual Basic 中，可在单击“高级编辑器选项...”按钮时显示的“编译”选项卡上找到此下拉框。)">
</Event><Event ErrorLevel="0" Project="demo" Source="demo.csproj" Description="项目已成功转换">
</Event><Event ErrorLevel="3" Project="demo" Source="demo.csproj" Description="Converted">
</Event><Event ErrorLevel="0" Project="" Source="demo.sln" Description="成功转换解决方案">
</Event><Event ErrorLevel="3" Project="" Source="demo.sln" Description="Converted">
</Event><Event ErrorLevel="0" Project="demo" Source="demo.csproj" Description="扫描完成: 项目文件不需要升级。">
</Event></UpgradeLog>